id,name,proj_type,team,location,cert,start_date,end_date,created_by,created_at,is_active
96d7421c-8bdd-47a4-a38d-e8a601cc793c,ABC,New Construction,Beta,,Gold,,,78b840d1-bc69-4b68-b41f-61c682335dd2,2026-04-11T15:35:21.20061+00:00,True
92a774a1-26e9-45d2-8c1a-9ce501420c35,JHVV,New Construction,Beta,HVN,Gold,,,78b840d1-bc69-4b68-b41f-61c682335dd2,2026-04-14T08:17:52.214374+00:00,False
6c2e94e2-7419-4088-95f7-48db2aa8c14d,jfjvhjvhmhv,New Construction,Gamma,,Certified,2026-04-21,2027-11-25,78b840d1-bc69-4b68-b41f-61c682335dd2,2026-04-21T01:56:24.964784+00:00,True
c987d0f8-d178-4898-b995-cde57a488194,gvdjgvjkgvj,New Construction,Beta,,Certified,,,b60416d2-388a-4d37-9008-fd77bb42be25,2026-04-17T09:11:22.981428+00:00,True
748b8a21-cd0c-4087-9492-56776a2a5247,XYZ,New Construction,Gamma,Newyork,Platinum,,,b60416d2-388a-4d37-9008-fd77bb42be25,2026-04-14T06:09:44.58581+00:00,True
c9edce20-50c2-4a93-a916-bc130024dea3,LONG NGUYEN FACTORY,New Construction,Alpha,Tây Ninh,Gold,2026-04-20,2027-07-10,4f2aa1cc-f9f4-4acd-a3e9-cee9c80cb370,2026-05-13T07:56:01.076662+00:00,True
d720ea7e-7b1a-438a-9d09-98d6138162f6,LEED,New Construction,Gamma,,Gold,,,05d21faf-1562-4af7-a70c-20bfbc6cea41,2026-05-22T07:32:00.059407+00:00,True
ac0f8c8c-6aea-4677-90a5-45b153c04ea0,One Central,New Construction,Delta,TP.HCM,Gold,2026-05-21,2026-05-31,baedce1b-0dff-4a05-b529-0923a887272e,2026-05-22T07:44:52.206128+00:00,True
866e4f95-3214-4ed2-8580-469a2257bb25,SLP Tien Du,Core and Shell,Delta,Bắc Ninh,Gold,2026-05-01,2026-07-11,baedce1b-0dff-4a05-b529-0923a887272e,2026-05-22T07:48:03.42202+00:00,True
